,seed,nsim,ntaxa,lambda,mu,nu,M,Y,d_0,model,ngt,ngenes,rho,q,q10,q11,q12,q2,q3,A,A1,A2,B,C,C1,C2,D0good,D0anom,D0ambi,D1good,D1anom,D1ambi,D2good,D2anom,D2ambi,D0g_ex,D0a_ex,D1g_ex,D1a_ex,D2g_ex,D2a_ex,time
1,7652,800,4,0.1,0.01,0.05,0.5,0.25,2,1,300,300,0,800,728,37,12,23,0,35,12,23,35,2,0,2,753,0,12,12,0,0,11,0,12,765,0,12,0,23,0,74.783
2,7653,800,4,0.3,0.03,0.15,0.5,0.25,0.666666666666667,1,300,300,0,800,750,25,4,21,0,25,4,21,25,8,0,8,726,0,49,4,0,0,1,0,20,775,0,4,0,21,0,72.274
3,7654,800,4,1,0.1,0.5,0.5,0.25,0.2,1,300,300,0,800,735,34,13,18,0,31,13,18,31,7,0,7,649,1,119,10,0,3,1,0,17,769,0,13,0,18,0,74.795
4,7655,800,4,3,0.3,1.5,0.5,0.25,0.0666666666666667,1,300,300,0,800,730,29,7,34,0,41,7,34,41,23,1,22,458,0,301,5,0,2,0,0,34,759,0,6,1,34,0,75.983
5,7656,800,4,0.1,0.09,0.05,0.5,0.25,2,1,300,300,0,800,726,27,13,34,0,47,13,34,47,5,0,5,734,0,19,13,0,0,14,0,20,753,0,13,0,34,0,72.965
6,7657,800,4,0.3,0.27,0.15,0.5,0.25,0.666666666666667,1,300,299.625,0,800,730,30,8,31,1,39,8,31,39,15,0,15,721,1,38,8,0,0,0,0,31,760,0,8,0,31,0,77.939
7,7658,800,4,1,0.9,0.5,0.5,0.25,0.2,1,300,299.625,0,800,704,43,19,33,1,52,19,33,52,17,0,17,623,0,124,16,0,3,0,0,33,747,0,19,0,33,0,73.121
8,7659,800,4,3,2.7,1.5,0.5,0.25,0.0666666666666667,1,300,299.625,0,800,719,41,14,25,1,39,14,25,39,19,4,15,413,2,345,7,1,6,0,1,24,760,0,14,0,25,0,78.608
9,7660,800,4,0.1,0.01,0.05,0.25,0.25,2,1,300,300,0,800,737,34,10,19,0,29,10,19,29,1,0,1,758,0,13,10,0,0,9,0,10,771,0,10,0,19,0,76.63
10,7661,800,4,0.3,0.03,0.15,0.25,0.25,0.666666666666667,1,300,299.625,0,800,742,26,9,22,1,31,9,22,31,7,0,7,720,0,48,9,0,0,0,0,22,768,0,9,0,22,0,75.978
11,7662,800,4,1,0.1,0.5,0.25,0.25,0.2,1,300,299.625,0,800,740,36,8,15,1,23,8,15,23,12,1,11,679,0,97,6,0,2,0,0,15,776,0,8,0,15,0,78.196
12,7663,800,4,3,0.3,1.5,0.25,0.25,0.0666666666666667,1,300,300,0,800,734,36,15,15,0,30,15,15,30,13,2,11,554,0,216,8,0,7,0,0,15,770,0,15,0,15,0,77.808
13,7664,800,4,0.1,0.09,0.05,0.25,0.25,2,1,300,300,0,800,737,36,13,14,0,27,13,14,27,0,0,0,754,0,19,13,0,0,4,0,10,773,0,13,0,14,0,75.665
14,7665,800,4,0.3,0.27,0.15,0.25,0.25,0.666666666666667,1,300,300,0,800,729,39,11,21,0,32,11,21,32,8,1,7,708,0,60,10,1,0,2,1,18,768,0,10,1,21,0,76.656
15,7666,800,4,1,0.9,0.5,0.25,0.25,0.2,1,300,300,0,800,738,42,6,14,0,20,6,14,20,7,0,7,609,2,169,4,0,2,0,0,14,780,0,6,0,14,0,77.193
16,7667,800,4,3,2.7,1.5,0.25,0.25,0.0666666666666667,1,300,300,0,800,734,39,7,20,0,27,7,20,27,11,0,11,508,3,262,5,0,2,0,0,20,773,0,7,0,20,0,76.728
17,7668,800,4,0.1,0.01,0.05,0.5,0.25,6,1,300,299.625,0,800,656,50,22,71,1,93,22,71,93,11,0,11,695,0,11,22,0,0,44,0,27,706,0,22,0,71,0,76.589
18,7669,800,4,0.3,0.03,0.15,0.5,0.25,2,1,300,299.25,0,800,660,43,26,69,2,95,26,69,95,14,0,14,658,0,45,23,0,3,27,0,42,703,0,26,0,68,1,82.564
19,7670,800,4,1,0.1,0.5,0.5,0.25,0.6,1,300,300,0,800,637,68,24,71,0,95,24,71,95,28,1,27,608,0,97,21,0,3,7,0,64,705,0,24,0,70,1,76.539
20,7671,800,4,3,0.3,1.5,0.5,0.25,0.2,1,300,300,0,800,642,61,27,70,0,97,27,70,97,39,1,38,427,0,276,9,0,18,0,0,70,703,0,23,4,68,2,75.391
21,7672,800,4,0.1,0.09,0.05,0.5,0.25,6,1,300,299.625,0,800,590,78,32,99,1,131,32,99,131,11,2,9,659,0,9,30,1,1,65,0,34,668,0,30,2,99,0,82.874
22,7673,800,4,0.3,0.27,0.15,0.5,0.25,2,1,300,299.25,0,800,600,76,29,93,2,122,29,93,122,17,2,15,633,0,43,25,0,4,31,1,61,676,0,27,2,91,2,78.416
23,7674,800,4,1,0.9,0.5,0.5,0.25,0.6,1,300,299.25,0,800,591,84,33,90,2,123,33,90,123,27,1,26,535,3,137,28,0,5,4,3,83,675,0,31,2,89,1,77.13
24,7675,800,4,3,2.7,1.5,0.5,0.25,0.2,1,300,299.625,0,800,586,79,32,102,1,134,32,102,134,52,1,51,371,0,294,13,0,19,0,1,101,665,0,30,2,100,2,79.42
25,7676,800,4,0.1,0.01,0.05,0.25,0.25,6,1,300,299.625,0,800,642,85,21,51,1,72,21,51,72,1,0,1,717,0,10,20,0,1,31,0,20,727,0,20,1,51,0,75.935
26,7677,800,4,0.3,0.03,0.15,0.25,0.25,2,1,300,299.625,0,800,639,77,35,48,1,83,35,48,83,7,1,6,677,0,39,31,0,4,21,0,27,716,0,34,1,48,0,77.946
27,7678,800,4,1,0.1,0.5,0.25,0.25,0.6,1,300,299.625,0,800,636,91,23,49,1,72,23,49,72,16,2,14,617,0,110,17,0,6,6,0,43,727,0,21,2,49,0,78.036
28,7679,800,4,3,0.3,1.5,0.25,0.25,0.2,1,300,299.25,0,800,649,75,23,51,2,74,23,51,74,28,3,25,383,1,340,10,0,13,0,0,51,724,0,23,0,51,0,77.72
29,7680,800,4,0.1,0.09,0.05,0.25,0.25,6,1,300,299.625,0,800,619,85,31,64,1,95,31,64,95,5,0,5,691,2,11,31,0,0,40,0,24,704,0,31,0,64,0,79.302
30,7681,800,4,0.3,0.27,0.15,0.25,0.25,2,1,300,299.625,0,800,627,88,30,54,1,84,30,54,84,7,0,7,668,0,47,29,0,1,14,0,40,715,0,30,0,54,0,80.788
31,7682,800,4,1,0.9,0.5,0.25,0.25,0.6,1,300,299.625,0,800,629,79,29,62,1,91,29,62,91,30,3,27,578,0,130,21,1,7,1,0,61,708,0,25,4,62,0,79.135
32,7683,800,4,3,2.7,1.5,0.25,0.25,0.2,1,300,299.625,0,800,612,86,33,68,1,101,33,68,101,42,6,36,437,0,261,18,0,15,0,1,67,698,0,31,2,67,1,77.691
33,7684,800,4,0.1,0.01,0.05,0.5,0.25,12,1,300,295.5,0,800,545,96,37,110,12,147,37,110,147,10,2,8,624,0,17,33,0,4,73,1,36,641,0,35,2,109,1,77.733
34,7685,800,4,0.3,0.03,0.15,0.5,0.25,4,1,300,295.125,0,800,551,83,41,112,13,153,41,112,153,20,1,19,590,0,44,39,1,1,52,0,60,634,0,39,2,111,1,75.949
35,7686,800,4,1,0.1,0.5,0.5,0.25,1.2,1,300,296.625,0,800,536,93,43,119,9,162,43,119,162,46,5,41,495,0,134,32,1,10,13,1,105,629,0,40,3,119,0,77.24
36,7687,800,4,3,0.3,1.5,0.5,0.25,0.4,1,300,296.25,0,800,522,114,25,129,10,154,25,129,154,69,4,65,406,0,230,11,1,13,3,0,126,636,0,23,2,127,2,76.751
37,7688,800,4,0.1,0.09,0.05,0.5,0.25,12,1,300,294,0,800,480,109,50,145,16,195,50,145,195,14,1,13,577,0,12,48,0,2,90,3,52,589,0,50,0,143,2,78.115
38,7689,800,4,0.3,0.27,0.15,0.5,0.25,4,1,300,297,0,800,494,106,45,147,8,192,45,147,192,18,5,13,552,0,48,39,2,4,71,0,76,600,0,41,4,147,0,78.519
39,7690,800,4,1,0.9,0.5,0.5,0.25,1.2,1,300,296.25,0,800,500,89,48,153,10,201,48,153,201,47,3,44,445,0,144,36,2,10,14,1,138,589,0,45,3,151,2,88.005
40,7691,800,4,3,2.7,1.5,0.5,0.25,0.4,1,300,295.125,0,800,500,112,48,127,13,175,48,127,175,74,9,65,269,3,340,19,1,28,4,3,120,612,0,42,6,125,2,77.454
41,7692,800,4,0.1,0.01,0.05,0.25,0.25,12,1,300,296.625,0,800,555,104,39,93,9,132,39,93,132,7,0,7,644,0,15,39,0,0,70,0,23,659,0,39,0,93,0,78.428
42,7693,800,4,0.3,0.03,0.15,0.25,0.25,4,1,300,297.75,0,800,543,96,38,117,6,155,38,117,155,14,0,14,606,0,33,37,0,1,51,0,66,639,0,38,0,117,0,81.469
43,7694,800,4,1,0.1,0.5,0.25,0.25,1.2,1,300,297.75,0,800,547,95,56,96,6,152,56,96,152,29,2,27,526,2,114,44,1,11,15,1,80,642,0,54,2,96,0,77.923
44,7695,800,4,3,0.3,1.5,0.25,0.25,0.4,1,300,298.125,0,800,556,104,46,89,5,135,46,89,135,49,5,44,421,7,232,25,0,21,0,1,88,660,0,43,3,89,0,78.657
45,7696,800,4,0.1,0.09,0.05,0.25,0.25,12,1,300,294.75,0,800,521,107,46,112,14,158,46,112,158,5,0,5,610,0,18,46,0,0,77,0,35,628,0,46,0,112,0,77.921
46,7697,800,4,0.3,0.27,0.15,0.25,0.25,4,1,300,295.125,0,800,489,119,66,113,13,179,66,113,179,21,3,18,570,0,38,62,1,3,56,0,57,608,0,64,2,113,0,78.906
47,7698,800,4,1,0.9,0.5,0.25,0.25,1.2,1,300,295.5,0,800,508,119,58,103,12,161,58,103,161,37,1,36,494,0,133,47,0,11,5,1,97,627,0,57,1,102,1,79.786
48,7699,800,4,3,2.7,1.5,0.25,0.25,0.4,1,300,297.375,0,800,506,123,51,113,7,164,51,113,164,66,7,59,408,0,221,26,0,25,1,1,111,629,0,47,4,112,1,81.053
49,7700,800,4,0.1,0.01,0.05,0.5,0.25,2,1,300,300,0.3,800,750,22,6,22,0,28,6,22,28,3,0,3,756,0,16,6,0,0,9,0,13,772,0,6,0,22,0,74.287
50,7701,800,4,0.3,0.03,0.15,0.5,0.25,0.666666666666667,1,300,300,0.3,800,749,24,5,22,0,27,5,22,27,7,0,7,716,0,57,5,0,0,1,0,21,773,0,5,0,22,0,76.735
51,7702,800,4,1,0.1,0.5,0.5,0.25,0.2,1,300,300,0.3,800,728,34,15,23,0,38,15,23,38,16,0,16,663,0,99,13,0,2,0,3,20,762,0,15,0,23,0,77.649
52,7703,800,4,3,0.3,1.5,0.5,0.25,0.0666666666666667,1,300,300,0.3,800,737,28,12,23,0,35,12,23,35,12,2,10,463,0,302,4,0,8,0,0,23,765,0,12,0,23,0,77.155
53,7704,800,4,0.1,0.09,0.05,0.5,0.25,2,1,300,300,0.3,800,718,41,13,28,0,41,13,28,41,4,0,4,745,0,14,10,0,3,13,0,15,759,0,13,0,28,0,78.12
54,7705,800,4,0.3,0.27,0.15,0.5,0.25,0.666666666666667,1,300,299.25,0.3,800,713,42,15,28,2,43,15,28,43,4,0,4,707,0,48,15,0,0,2,0,26,755,0,15,0,28,0,81.693
55,7706,800,4,1,0.9,0.5,0.5,0.25,0.2,1,300,300,0.3,800,732,34,9,25,0,34,9,25,34,17,0,17,624,0,142,6,0,3,0,0,25,766,0,9,0,25,0,78.436
56,7707,800,4,3,2.7,1.5,0.5,0.25,0.0666666666666667,1,300,300,0.3,800,721,32,20,27,0,47,20,27,47,19,2,17,423,1,329,9,1,10,0,0,27,753,0,20,0,27,0,76.533
57,7708,800,4,0.1,0.01,0.05,0.25,0.25,2,1,300,300,0.3,800,748,29,9,14,0,23,9,14,23,1,0,1,766,0,11,9,0,0,4,0,10,777,0,9,0,14,0,76.664
58,7709,800,4,0.3,0.03,0.15,0.25,0.25,0.666666666666667,1,300,299.625,0.3,800,749,34,9,7,1,16,9,7,16,4,1,3,734,0,49,8,0,1,1,0,6,783,0,8,1,7,0,76.357
59,7710,800,4,1,0.1,0.5,0.25,0.25,0.2,1,300,300,0.3,800,723,43,15,19,0,34,15,19,34,11,1,10,644,0,122,12,0,3,0,0,19,766,0,15,0,19,0,77.786
60,7711,800,4,3,0.3,1.5,0.25,0.25,0.0666666666666667,1,300,300,0.3,800,750,32,6,12,0,18,6,12,18,8,0,8,457,6,319,0,0,6,1,0,11,782,0,6,0,12,0,77.334
61,7712,800,4,0.1,0.09,0.05,0.25,0.25,2,1,300,299.625,0.3,800,718,47,12,22,1,34,12,22,34,4,1,3,753,0,12,11,1,0,12,0,10,765,0,12,0,22,0,78.082
62,7713,800,4,0.3,0.27,0.15,0.25,0.25,0.666666666666667,1,300,300,0.3,800,728,46,8,18,0,26,8,18,26,8,0,8,714,0,60,7,0,1,0,0,18,774,0,8,0,18,0,92.711
63,7714,800,4,1,0.9,0.5,0.25,0.25,0.2,1,300,300,0.3,800,725,45,13,17,0,30,13,17,30,12,1,11,592,0,178,8,0,5,0,0,17,770,0,13,0,17,0,77.46
64,7715,800,4,3,2.7,1.5,0.25,0.25,0.0666666666666667,1,300,299.625,0.3,800,732,32,17,18,1,35,17,18,35,14,2,12,397,0,367,7,0,10,0,0,18,764,0,17,0,18,0,77.085
65,7716,800,4,0.1,0.01,0.05,0.5,0.25,6,1,300,298.875,0.3,800,623,75,28,71,3,99,28,71,99,8,0,8,685,0,13,28,0,0,45,0,26,698,0,28,0,71,0,57.633
66,7717,800,4,0.3,0.03,0.15,0.5,0.25,2,1,300,299.625,0.3,800,648,69,24,58,1,82,24,58,82,10,0,10,682,0,35,22,0,2,23,0,35,717,0,24,0,58,0,57.007
67,7718,800,4,1,0.1,0.5,0.5,0.25,0.6,1,300,298.5,0.3,800,635,61,26,74,4,100,26,74,100,24,1,23,578,1,117,20,0,6,4,0,70,696,0,26,0,74,0,58.344
68,7719,800,4,3,0.3,1.5,0.5,0.25,0.2,1,300,299.625,0.3,800,629,73,25,72,1,97,25,72,97,42,5,37,396,0,306,8,0,17,0,0,72,702,0,23,2,72,0,58.148
69,7720,800,4,0.1,0.09,0.05,0.5,0.25,6,1,300,298.5,0.3,800,603,83,32,78,4,110,32,78,110,9,0,9,665,0,21,32,0,0,46,0,32,686,0,32,0,78,0,57.734
70,7721,800,4,0.3,0.27,0.15,0.5,0.25,2,1,300,299.25,0.3,800,599,92,27,80,2,107,27,80,107,19,0,19,639,0,52,26,0,1,25,0,55,691,0,27,0,80,0,63.384
71,7722,800,4,1,0.9,0.5,0.5,0.25,0.6,1,300,298.5,0.3,800,600,82,36,78,4,114,36,78,114,32,2,30,527,0,155,26,0,10,2,0,76,682,0,36,0,78,0,60.156
72,7723,800,4,3,2.7,1.5,0.5,0.25,0.2,1,300,299.625,0.3,800,593,87,24,95,1,119,24,95,119,71,3,68,396,0,284,14,0,10,1,7,87,680,0,23,1,94,1,64.475
73,7724,800,4,0.1,0.01,0.05,0.25,0.25,6,1,300,298.875,0.3,800,647,78,28,44,3,72,28,44,72,3,0,3,716,0,9,27,0,1,26,0,18,725,0,28,0,44,0,60.495
74,7725,800,4,0.3,0.03,0.15,0.25,0.25,2,1,300,298.125,0.3,800,644,76,24,51,5,75,24,51,75,10,0,10,687,0,33,21,0,3,16,0,35,720,0,23,1,51,0,59.872
75,7726,800,4,1,0.1,0.5,0.25,0.25,0.6,1,300,298.875,0.3,800,639,88,20,50,3,70,20,50,70,17,0,17,614,0,113,16,0,4,7,0,43,727,0,20,0,49,1,67.388
76,7727,800,4,3,0.3,1.5,0.25,0.25,0.2,1,300,299.25,0.3,800,630,86,34,48,2,82,34,48,82,26,4,22,424,2,290,16,0,18,0,0,48,716,0,33,1,48,0,65.487
77,7728,800,4,0.1,0.09,0.05,0.25,0.25,6,1,300,298.5,0.3,800,601,86,37,72,4,109,37,72,109,11,1,10,674,0,13,34,0,3,40,0,32,687,0,36,1,72,0,58.291
78,7729,800,4,0.3,0.27,0.15,0.25,0.25,2,1,300,299.25,0.3,800,625,90,24,59,2,83,24,59,83,13,0,13,662,0,53,23,0,1,17,0,42,715,0,24,0,59,0,58.542
79,7730,800,4,1,0.9,0.5,0.25,0.25,0.6,1,300,299.25,0.3,800,610,96,37,55,2,92,37,55,92,18,2,16,573,1,132,24,0,13,0,1,54,706,0,35,2,55,0,61.421
80,7731,800,4,3,2.7,1.5,0.25,0.25,0.2,1,300,298.875,0.3,800,612,92,34,59,3,93,34,59,93,30,0,30,427,2,275,21,0,13,0,2,57,704,0,34,0,59,0,58.746
81,7732,800,4,0.1,0.01,0.05,0.5,0.25,12,1,300,295.875,0.3,800,538,96,36,119,11,155,36,119,155,10,1,9,622,0,12,34,1,1,86,0,33,634,0,35,1,118,1,66.908
82,7733,800,4,0.3,0.03,0.15,0.5,0.25,4,1,300,294,0.3,800,534,73,43,134,16,177,43,134,177,14,4,10,570,0,37,36,4,3,74,0,60,607,0,39,4,134,0,60.257
83,7734,800,4,1,0.1,0.5,0.5,0.25,1.2,1,300,298.125,0.3,800,551,81,45,118,5,163,45,118,163,34,2,32,521,0,111,35,0,10,14,0,104,632,0,42,3,117,1,58.359
84,7735,800,4,3,0.3,1.5,0.5,0.25,0.4,1,300,297.75,0.3,800,534,103,39,118,6,157,39,118,157,48,7,41,349,0,288,20,1,18,2,1,115,637,0,38,1,115,3,57.609
85,7736,800,4,0.1,0.09,0.05,0.5,0.25,12,1,300,295.125,0.3,800,466,126,50,145,13,195,50,145,195,7,1,6,570,0,22,48,0,2,105,0,40,592,0,50,0,145,0,61.592
86,7737,800,4,0.3,0.27,0.15,0.5,0.25,4,1,300,294.375,0.3,800,445,100,55,185,15,240,55,185,240,26,1,25,516,0,29,52,0,3,82,1,102,545,0,54,1,184,1,64.019
87,7738,800,4,1,0.9,0.5,0.5,0.25,1.2,1,300,296.25,0.3,800,499,99,43,149,10,192,43,149,192,40,4,36,482,1,115,29,0,14,22,0,127,598,0,39,4,148,1,61.494
88,7739,800,4,3,2.7,1.5,0.5,0.25,0.4,1,300,296.625,0.3,800,463,113,60,155,9,215,60,155,215,72,5,67,271,2,303,33,0,27,3,3,149,576,0,54,6,151,4,62.841
89,7740,800,4,0.1,0.01,0.05,0.25,0.25,12,1,300,295.875,0.3,800,528,109,52,100,11,152,52,100,152,5,1,4,628,0,9,50,1,1,71,0,29,637,0,51,1,100,0,58.099
90,7741,800,4,0.3,0.03,0.15,0.25,0.25,4,1,300,295.125,0.3,800,532,107,54,94,13,148,54,94,148,8,0,8,611,1,27,53,0,1,49,0,45,639,0,54,0,94,0,63.195
91,7742,800,4,1,0.1,0.5,0.25,0.25,1.2,1,300,297,0.3,800,546,115,40,91,8,131,40,91,131,27,4,23,560,0,101,29,1,10,13,0,78,661,0,38,2,91,0,65.482
92,7743,800,4,3,0.3,1.5,0.25,0.25,0.4,1,300,294.75,0.3,800,535,118,37,96,14,133,37,96,133,58,9,49,418,1,234,16,0,21,0,0,96,653,0,35,2,96,0,64.045
93,7744,800,4,0.1,0.09,0.05,0.25,0.25,12,1,300,297.75,0.3,800,489,133,47,125,6,172,47,125,172,12,3,9,604,0,18,44,0,3,88,0,37,622,0,45,2,125,0,74.34
94,7745,800,4,0.3,0.27,0.15,0.25,0.25,4,1,300,297,0.3,800,519,127,52,94,8,146,52,94,146,19,1,18,605,0,41,50,0,2,36,0,58,646,0,51,1,90,4,64.236
95,7746,800,4,1,0.9,0.5,0.25,0.25,1.2,1,300,296.625,0.3,800,519,114,49,109,9,158,49,109,158,35,2,33,503,0,130,42,0,7,11,0,98,633,0,47,2,109,0,68.673
96,7747,800,4,3,2.7,1.5,0.25,0.25,0.4,1,300,296.25,0.3,800,503,118,54,115,10,169,54,115,169,65,2,63,386,0,235,34,0,20,2,1,112,621,0,54,0,115,0,64.436
97,7748,800,4,0.1,0.01,0.05,0.5,0.25,2,1,300,300,0.6,800,739,21,7,33,0,40,7,33,40,4,0,4,743,0,17,7,0,0,14,1,18,760,0,7,0,33,0,63.632
98,7749,800,4,0.3,0.03,0.15,0.5,0.25,0.666666666666667,1,300,300,0.6,800,745,26,10,19,0,29,10,19,29,5,0,5,729,0,42,10,0,0,1,0,18,771,0,10,0,19,0,57.182
99,7750,800,4,1,0.1,0.5,0.5,0.25,0.2,1,300,299.625,0.6,800,744,31,5,19,1,24,5,19,24,9,0,9,669,4,102,3,0,2,0,0,19,775,0,5,0,19,0,60.611
100,7751,800,4,3,0.3,1.5,0.5,0.25,0.0666666666666667,1,300,300,0.6,800,749,18,10,23,0,33,10,23,33,16,0,16,516,1,250,5,0,5,0,0,23,767,0,10,0,23,0,59.018
101,7752,800,4,0.1,0.09,0.05,0.5,0.25,2,1,300,300,0.6,800,719,45,16,20,0,36,16,20,36,3,0,3,744,0,20,14,0,2,8,0,12,764,0,16,0,20,0,62.98
102,7753,800,4,0.3,0.27,0.15,0.5,0.25,0.666666666666667,1,300,300,0.6,800,711,43,14,32,0,46,14,32,46,4,0,4,688,0,66,14,0,0,4,0,28,754,0,14,0,32,0,62.341
103,7754,800,4,1,0.9,0.5,0.5,0.25,0.2,1,300,300,0.6,800,716,42,11,31,0,42,11,31,42,16,0,16,584,2,172,10,0,1,0,0,31,758,0,11,0,31,0,64.661
104,7755,800,4,3,2.7,1.5,0.5,0.25,0.0666666666666667,1,300,300,0.6,800,719,37,16,28,0,44,16,28,44,17,1,16,438,1,317,6,0,10,0,0,28,756,0,16,0,28,0,60.972
105,7756,800,4,0.1,0.01,0.05,0.25,0.25,2,1,300,300,0.6,800,755,33,9,3,0,12,9,3,12,1,0,1,776,0,12,9,0,0,1,0,2,788,0,9,0,3,0,61.666
106,7757,800,4,0.3,0.03,0.15,0.25,0.25,0.666666666666667,1,300,300,0.6,800,739,35,15,11,0,26,15,11,26,2,0,2,742,1,31,14,0,1,4,0,7,774,0,15,0,11,0,58.895
107,7758,800,4,1,0.1,0.5,0.25,0.25,0.2,1,300,299.625,0.6,800,743,33,11,12,1,23,11,12,23,4,0,4,666,0,110,9,0,2,0,1,11,776,0,10,1,12,0,66.334
108,7759,800,4,3,0.3,1.5,0.25,0.25,0.0666666666666667,1,300,300,0.6,800,752,35,6,7,0,13,6,7,13,6,1,5,530,2,255,4,0,2,0,0,7,787,0,6,0,7,0,63.599
109,7760,800,4,0.1,0.09,0.05,0.25,0.25,2,1,300,300,0.6,800,733,37,12,18,0,30,12,18,30,3,0,3,756,0,14,12,0,0,8,0,10,770,0,12,0,18,0,62.141
110,7761,800,4,0.3,0.27,0.15,0.25,0.25,0.666666666666667,1,300,300,0.6,800,727,39,10,24,0,34,10,24,34,16,0,16,708,0,58,10,0,0,1,0,23,766,0,10,0,24,0,63.942
111,7762,800,4,1,0.9,0.5,0.25,0.25,0.2,1,300,300,0.6,800,737,32,12,19,0,31,12,19,31,9,0,9,642,0,127,8,0,4,0,0,19,769,0,12,0,19,0,61.488
112,7763,800,4,3,2.7,1.5,0.25,0.25,0.0666666666666667,1,300,300,0.6,800,744,33,12,11,0,23,12,11,23,5,1,4,481,0,296,6,0,6,0,0,11,777,0,12,0,11,0,61.134
113,7764,800,4,0.1,0.01,0.05,0.5,0.25,6,1,300,299.625,0.6,800,659,52,31,57,1,88,31,57,88,4,0,4,695,0,16,30,0,1,38,0,19,711,0,31,0,57,0,57.993
114,7765,800,4,0.3,0.03,0.15,0.5,0.25,2,1,300,298.5,0.6,800,637,55,29,75,4,104,29,75,104,12,0,12,656,0,36,28,0,1,28,0,47,692,0,29,0,74,1,59.079
115,7766,800,4,1,0.1,0.5,0.5,0.25,0.6,1,300,299.25,0.6,800,662,45,22,69,2,91,22,69,91,23,0,23,580,0,127,16,0,6,3,0,66,707,0,22,0,69,0,71.673
116,7767,800,4,3,0.3,1.5,0.5,0.25,0.2,1,300,298.875,0.6,800,633,59,28,77,3,105,28,77,105,45,8,37,419,2,271,13,0,15,1,1,75,692,0,27,1,77,0,62.805
117,7768,800,4,0.1,0.09,0.05,0.5,0.25,6,1,300,299.25,0.6,800,629,68,26,75,2,101,26,75,101,8,0,8,677,0,20,26,0,0,43,0,32,697,0,26,0,74,1,63.095
118,7769,800,4,0.3,0.27,0.15,0.5,0.25,2,1,300,298.875,0.6,800,600,82,25,90,3,115,25,90,115,21,1,20,630,0,52,23,1,1,30,1,59,682,0,24,1,90,0,62.544
119,7770,800,4,1,0.9,0.5,0.5,0.25,0.6,1,300,298.875,0.6,800,600,89,26,82,3,108,26,82,108,30,0,30,537,0,152,24,0,2,8,0,74,689,0,25,1,82,0,64.231
120,7771,800,4,3,2.7,1.5,0.5,0.25,0.2,1,300,298.125,0.6,800,595,62,45,93,5,138,45,93,138,61,6,55,415,0,242,21,1,23,0,2,91,657,0,43,2,93,0,58.22
121,7772,800,4,0.1,0.01,0.05,0.25,0.25,6,1,300,299.25,0.6,800,647,75,28,48,2,76,28,48,76,2,1,1,711,0,11,27,0,1,36,0,12,722,0,28,0,48,0,57.313
122,7773,800,4,0.3,0.03,0.15,0.25,0.25,2,1,300,298.875,0.6,800,638,75,22,62,3,84,22,62,84,16,0,16,679,0,34,20,0,2,18,0,44,713,0,20,2,62,0,57.591
123,7774,800,4,1,0.1,0.5,0.25,0.25,0.6,1,300,298.875,0.6,800,644,87,22,44,3,66,22,44,66,20,1,19,633,2,96,21,0,1,3,0,41,731,0,22,0,44,0,64.87
124,7775,800,4,3,0.3,1.5,0.25,0.25,0.2,1,300,299.25,0.6,800,650,79,24,45,2,69,24,45,69,30,5,25,513,0,216,9,0,15,0,0,45,729,0,22,2,45,0,62.848
125,7776,800,4,0.1,0.09,0.05,0.25,0.25,6,1,300,300,0.6,800,618,95,24,63,0,87,24,63,87,8,0,8,698,0,15,23,0,1,33,0,30,713,0,24,0,63,0,68.784
126,7777,800,4,0.3,0.27,0.15,0.25,0.25,2,1,300,299.25,0.6,800,608,96,34,60,2,94,34,60,94,10,0,10,646,0,58,34,0,0,18,0,42,704,0,34,0,60,0,56.217
127,7778,800,4,1,0.9,0.5,0.25,0.25,0.6,1,300,299.25,0.6,800,616,107,27,48,2,75,27,48,75,21,0,21,579,0,144,26,0,1,0,0,48,723,0,27,0,47,1,63.87
128,7779,800,4,3,2.7,1.5,0.25,0.25,0.2,1,300,298.875,0.6,800,639,77,23,58,3,81,23,58,81,33,0,33,367,3,346,14,0,9,1,0,57,716,0,23,0,58,0,61.714
129,7780,800,4,0.1,0.01,0.05,0.5,0.25,12,1,300,298.125,0.6,800,548,86,34,127,5,161,34,127,161,13,0,13,628,0,6,34,0,0,83,0,44,634,0,34,0,127,0,58.511
130,7781,800,4,0.3,0.03,0.15,0.5,0.25,4,1,300,295.875,0.6,800,507,93,46,143,11,189,46,143,189,23,2,21,568,1,31,43,1,2,71,0,72,600,0,45,1,143,0,58.959
131,7782,800,4,1,0.1,0.5,0.5,0.25,1.2,1,300,297.75,0.6,800,534,97,41,122,6,163,41,122,163,41,5,36,506,2,123,27,1,13,13,1,108,631,0,40,1,122,0,59.044
132,7783,800,4,3,0.3,1.5,0.5,0.25,0.4,1,300,298.125,0.6,800,553,74,42,126,5,168,42,126,168,68,5,63,374,3,250,24,0,18,2,2,122,627,0,40,2,122,4,57.48
133,7784,800,4,0.1,0.09,0.05,0.5,0.25,12,1,300,293.25,0.6,800,466,107,47,162,18,209,47,162,209,10,0,10,557,0,16,46,0,1,109,0,53,573,0,47,0,161,1,57.787
134,7785,800,4,0.3,0.27,0.15,0.5,0.25,4,1,300,296.25,0.6,800,480,103,55,152,10,207,55,152,207,24,2,22,548,0,35,47,0,8,67,0,85,583,0,54,1,152,0,59.555
135,7786,800,4,1,0.9,0.5,0.5,0.25,1.2,1,300,295.5,0.6,800,498,103,42,145,12,187,42,145,187,54,4,50,481,0,120,32,0,10,15,2,128,601,0,40,2,145,0,59.936
136,7787,800,4,3,2.7,1.5,0.5,0.25,0.4,1,300,297.75,0.6,800,505,92,50,147,6,197,50,147,197,65,5,60,325,1,271,26,0,24,4,1,142,597,0,49,1,146,1,58.742
137,7788,800,4,0.1,0.01,0.05,0.25,0.25,12,1,300,295.5,0.6,800,547,115,37,89,12,126,37,89,126,8,0,8,651,0,11,37,0,0,66,0,23,662,0,37,0,89,0,58.075
138,7789,800,4,0.3,0.03,0.15,0.25,0.25,4,1,300,297.375,0.6,800,533,102,57,101,7,158,57,101,158,24,1,23,598,0,37,53,0,4,37,1,63,635,0,57,0,100,1,71.57
139,7790,800,4,1,0.1,0.5,0.25,0.25,1.2,1,300,295.875,0.6,800,539,116,36,98,11,134,36,98,134,33,0,33,555,1,99,35,0,1,11,2,85,655,0,36,0,97,1,57.243
140,7791,800,4,3,0.3,1.5,0.25,0.25,0.4,1,300,297.75,0.6,800,533,101,51,109,6,160,51,109,160,63,9,54,368,0,266,31,0,20,1,0,108,634,0,49,2,109,0,58.008
141,7792,800,4,0.1,0.09,0.05,0.25,0.25,12,1,300,296.25,0.6,800,499,121,55,115,10,170,55,115,170,11,0,11,608,0,12,53,0,2,80,0,35,620,0,55,0,115,0,60.99
142,7793,800,4,0.3,0.27,0.15,0.25,0.25,4,1,300,297.375,0.6,800,524,117,50,102,7,152,50,102,152,21,1,20,615,0,26,47,0,3,42,1,59,641,0,49,1,102,0,58.139
143,7794,800,4,1,0.9,0.5,0.25,0.25,1.2,1,300,294.375,0.6,800,526,103,64,92,15,156,64,92,156,21,5,16,523,0,106,46,0,18,17,0,75,629,0,61,3,92,0,70.972
144,7795,800,4,3,2.7,1.5,0.25,0.25,0.4,1,300,295.5,0.6,800,509,114,51,114,12,165,51,114,165,61,1,60,318,5,300,31,0,20,1,0,113,623,0,49,2,113,1,57.861
145,7796,800,4,0.1,0.01,0.05,0.5,0.25,2,1,300,300,0.8,800,733,32,14,21,0,35,14,21,35,2,0,2,755,0,10,14,0,0,10,0,11,765,0,14,0,21,0,58.547
146,7797,800,4,0.3,0.03,0.15,0.5,0.25,0.666666666666667,1,300,300,0.8,800,742,30,8,20,0,28,8,20,28,6,0,6,723,0,49,8,0,0,0,0,20,772,0,8,0,20,0,59.546
147,7798,800,4,1,0.1,0.5,0.5,0.25,0.2,1,300,299.625,0.8,800,736,26,10,27,1,37,10,27,37,14,0,14,652,0,110,10,0,0,0,0,27,762,0,10,0,27,0,57.992
148,7799,800,4,3,0.3,1.5,0.5,0.25,0.0666666666666667,1,300,300,0.8,800,741,25,19,15,0,34,19,15,34,11,1,10,469,5,292,12,0,7,0,0,15,766,0,19,0,15,0,58.473
149,7800,800,4,0.1,0.09,0.05,0.5,0.25,2,1,300,299.625,0.8,800,736,29,13,21,1,34,13,21,34,0,0,0,748,0,17,13,0,0,11,0,10,765,0,13,0,21,0,55.901
150,7801,800,4,0.3,0.27,0.15,0.5,0.25,0.666666666666667,1,300,300,0.8,800,732,28,11,29,0,40,11,29,40,7,1,6,708,0,52,10,0,1,4,0,25,760,0,11,0,29,0,58.622
151,7802,800,4,1,0.9,0.5,0.5,0.25,0.2,1,300,300,0.8,800,726,29,12,33,0,45,12,33,45,18,0,18,604,0,151,9,0,3,0,0,33,755,0,12,0,33,0,58.131
152,7803,800,4,3,2.7,1.5,0.5,0.25,0.0666666666666667,1,300,299.625,0.8,800,720,35,13,31,1,44,13,31,44,16,2,14,405,1,349,6,0,7,0,1,30,755,0,13,0,31,0,57.427
153,7804,800,4,0.1,0.01,0.05,0.25,0.25,2,1,300,300,0.8,800,748,31,8,13,0,21,8,13,21,3,0,3,767,0,12,8,0,0,6,0,7,779,0,8,0,13,0,58.402
154,7805,800,4,0.3,0.03,0.15,0.25,0.25,0.666666666666667,1,300,300,0.8,800,745,28,11,16,0,27,11,16,27,7,0,7,729,0,44,11,0,0,1,0,15,773,0,11,0,16,0,57.277
155,7806,800,4,1,0.1,0.5,0.25,0.25,0.2,1,300,299.625,0.8,800,736,39,11,13,1,24,11,13,24,7,1,6,667,2,106,10,0,1,1,0,12,775,0,11,0,13,0,55.999
156,7807,800,4,3,0.3,1.5,0.25,0.25,0.0666666666666667,1,300,299.625,0.8,800,753,26,10,10,1,20,10,10,20,6,0,6,546,0,233,7,0,3,0,0,10,779,0,10,0,10,0,59.051
157,7808,800,4,0.1,0.09,0.05,0.25,0.25,2,1,300,300,0.8,800,724,41,15,20,0,35,15,20,35,0,0,0,741,0,24,15,0,0,6,0,14,765,0,15,0,20,0,58.481
158,7809,800,4,0.3,0.27,0.15,0.25,0.25,0.666666666666667,1,300,299.625,0.8,800,727,37,16,19,1,35,16,19,35,11,1,10,731,0,33,15,0,1,1,0,18,764,0,15,1,19,0,55.406
159,7810,800,4,1,0.9,0.5,0.25,0.25,0.2,1,300,300,0.8,800,730,36,10,24,0,34,10,24,34,11,0,11,605,0,161,7,0,3,0,0,24,766,0,10,0,24,0,56.304
160,7811,800,4,3,2.7,1.5,0.25,0.25,0.0666666666666667,1,300,300,0.8,800,727,45,11,17,0,28,11,17,28,9,0,9,411,0,361,5,0,6,1,0,16,772,0,11,0,17,0,56.513
161,7812,800,4,0.1,0.01,0.05,0.5,0.25,6,1,300,299.625,0.8,800,643,66,30,60,1,90,30,60,90,4,0,4,702,0,7,30,0,0,38,0,22,709,0,30,0,60,0,57.856
162,7813,800,4,0.3,0.03,0.15,0.5,0.25,2,1,300,297.375,0.8,800,634,74,18,67,7,85,18,67,85,10,0,10,661,0,47,14,0,4,24,0,43,708,0,18,0,67,0,61.799
163,7814,800,4,1,0.1,0.5,0.5,0.25,0.6,1,300,299.25,0.8,800,626,67,27,78,2,105,27,78,105,39,1,38,560,0,133,18,0,9,4,0,74,693,0,27,0,78,0,57.052
164,7815,800,4,3,0.3,1.5,0.5,0.25,0.2,1,300,299.25,0.8,800,635,58,28,77,2,105,28,77,105,39,0,39,465,0,228,18,0,10,0,1,76,693,0,28,0,77,0,57.251
165,7816,800,4,0.1,0.09,0.05,0.5,0.25,6,1,300,298.125,0.8,800,589,87,23,96,5,119,23,96,119,13,0,13,657,0,19,22,0,1,46,0,50,676,0,23,0,96,0,58.507
166,7817,800,4,0.3,0.27,0.15,0.5,0.25,2,1,300,298.5,0.8,800,603,67,47,79,4,126,47,79,126,15,0,15,618,1,51,45,0,2,26,0,53,670,0,47,0,79,0,60.879
167,7818,800,4,1,0.9,0.5,0.5,0.25,0.6,1,300,298.5,0.8,800,597,68,40,91,4,131,40,91,131,28,1,27,523,0,142,33,0,7,4,0,87,665,0,40,0,91,0,58.352
168,7819,800,4,3,2.7,1.5,0.5,0.25,0.2,1,300,298.5,0.8,800,611,78,30,77,4,107,30,77,107,38,1,37,395,1,293,14,0,16,0,1,76,689,0,30,0,77,0,57.64
169,7820,800,4,0.1,0.01,0.05,0.25,0.25,6,1,300,300,0.8,800,632,84,28,56,0,84,28,56,84,5,0,5,708,0,8,28,0,0,31,0,25,716,0,28,0,56,0,57.268
170,7821,800,4,0.3,0.03,0.15,0.25,0.25,2,1,300,298.875,0.8,800,628,84,31,54,3,85,31,54,85,14,1,13,676,1,35,30,0,1,14,0,40,712,0,30,1,54,0,57.286
171,7822,800,4,1,0.1,0.5,0.25,0.25,0.6,1,300,298.875,0.8,800,646,69,31,51,3,82,31,51,82,20,2,18,607,0,108,21,0,10,4,0,47,715,0,30,1,51,0,57.63
172,7823,800,4,3,0.3,1.5,0.25,0.25,0.2,1,300,298.5,0.8,800,654,70,31,41,4,72,31,41,72,30,6,24,428,2,294,15,1,15,0,2,39,724,0,30,1,41,0,58.518
173,7824,800,4,0.1,0.09,0.05,0.25,0.25,6,1,300,299.625,0.8,800,632,80,30,57,1,87,30,57,87,6,0,6,704,0,8,30,0,0,38,0,19,712,0,30,0,57,0,59.217
174,7825,800,4,0.3,0.27,0.15,0.25,0.25,2,1,300,299.625,0.8,800,619,89,32,59,1,91,32,59,91,7,0,7,667,0,41,32,0,0,26,0,33,708,0,32,0,59,0,59.308
175,7826,800,4,1,0.9,0.5,0.25,0.25,0.6,1,300,298.875,0.8,800,636,91,22,48,3,70,22,48,70,18,1,17,579,0,148,19,0,3,1,0,47,727,0,22,0,48,0,58.377
176,7827,800,4,3,2.7,1.5,0.25,0.25,0.2,1,300,298.5,0.8,800,597,99,28,72,4,100,28,72,100,47,3,44,379,0,317,15,0,13,1,2,69,696,0,28,0,72,0,58.638
177,7828,800,4,0.1,0.01,0.05,0.5,0.25,12,1,300,297,0.8,800,541,87,34,130,8,164,34,130,164,7,0,7,614,0,14,34,0,0,102,0,28,628,0,34,0,130,0,59.301
178,7829,800,4,0.3,0.03,0.15,0.5,0.25,4,1,300,297,0.8,800,561,84,45,102,8,147,45,102,147,12,0,12,608,0,37,45,0,0,51,0,51,645,0,45,0,102,0,59.105
179,7830,800,4,1,0.1,0.5,0.5,0.25,1.2,1,300,297,0.8,800,533,90,38,131,8,169,38,131,169,39,1,38,502,0,121,34,1,3,19,0,112,623,0,38,0,131,0,58.607
180,7831,800,4,3,0.3,1.5,0.5,0.25,0.4,1,300,298.125,0.8,800,530,91,45,129,5,174,45,129,174,55,5,50,393,4,224,26,0,19,2,1,126,621,0,43,2,129,0,57.67
181,7832,800,4,0.1,0.09,0.05,0.5,0.25,12,1,300,293.625,0.8,800,483,110,46,144,17,190,46,144,190,8,0,8,574,0,19,45,0,1,102,0,42,593,0,46,0,143,1,58.418
182,7833,800,4,0.3,0.27,0.15,0.5,0.25,4,1,300,298.5,0.8,800,501,107,52,136,4,188,52,136,188,14,0,14,566,0,42,50,0,2,65,0,71,608,0,52,0,136,0,57.552
183,7834,800,4,1,0.9,0.5,0.5,0.25,1.2,1,300,296.25,0.8,800,483,89,59,159,10,218,59,159,218,45,1,44,461,0,111,49,0,10,11,0,148,572,0,59,0,157,2,55.965
184,7835,800,4,3,2.7,1.5,0.5,0.25,0.4,1,300,294,0.8,800,496,91,46,151,16,197,46,151,197,73,3,70,310,0,277,30,0,16,0,2,149,587,0,45,1,151,0,57.472
185,7836,800,4,0.1,0.01,0.05,0.25,0.25,12,1,300,298.5,0.8,800,532,117,43,104,4,147,43,104,147,7,0,7,637,0,12,42,0,1,77,0,27,649,0,43,0,104,0,58.32
186,7837,800,4,0.3,0.03,0.15,0.25,0.25,4,1,300,295.875,0.8,800,526,113,49,101,11,150,49,101,150,11,1,10,614,0,25,47,0,2,45,0,56,639,0,49,0,101,0,59.169
187,7838,800,4,1,0.1,0.5,0.25,0.25,1.2,1,300,295.125,0.8,800,546,108,41,92,13,133,41,92,133,26,2,24,530,0,124,32,0,9,8,0,84,654,0,41,0,92,0,60.649
188,7839,800,4,3,0.3,1.5,0.25,0.25,0.4,1,300,298.125,0.8,800,536,111,42,106,5,148,42,106,148,49,1,48,427,0,220,26,0,16,1,1,104,647,0,42,0,105,1,58.621
189,7840,800,4,0.1,0.09,0.05,0.25,0.25,12,1,300,296.625,0.8,800,518,119,50,104,9,154,50,104,154,11,0,11,629,0,8,50,0,0,78,0,26,637,0,50,0,104,0,58.485
190,7841,800,4,0.3,0.27,0.15,0.25,0.25,4,1,300,295.125,0.8,800,497,119,60,111,13,171,60,111,171,19,0,19,574,0,42,58,0,2,40,0,71,616,0,60,0,111,0,57.124
191,7842,800,4,1,0.9,0.5,0.25,0.25,1.2,1,300,295.5,0.8,800,516,105,56,111,12,167,56,111,167,37,5,32,508,2,111,46,0,10,12,0,99,621,0,55,1,110,1,59.925
192,7843,800,4,3,2.7,1.5,0.25,0.25,0.4,1,300,294.75,0.8,800,533,101,43,109,14,152,43,109,152,57,3,54,340,1,293,33,0,10,1,0,108,634,0,43,0,108,1,58.59
193,7844,800,4,0.1,0.01,0.05,0.5,0.25,2,1,300,300,0.9,800,726,32,19,23,0,42,19,23,42,4,0,4,736,0,22,18,0,1,8,0,15,758,0,19,0,23,0,57.133
194,7845,800,4,0.3,0.03,0.15,0.5,0.25,0.666666666666667,1,300,300,0.9,800,741,23,11,25,0,36,11,25,36,5,0,5,740,1,23,11,0,0,4,0,21,764,0,11,0,25,0,62.717
195,7846,800,4,1,0.1,0.5,0.5,0.25,0.2,1,300,300,0.9,800,733,31,7,29,0,36,7,29,36,9,0,9,652,0,112,4,0,3,0,0,29,764,0,7,0,29,0,59.553
196,7847,800,4,3,0.3,1.5,0.5,0.25,0.0666666666666667,1,300,300,0.9,800,738,20,12,30,0,42,12,30,42,19,1,18,486,0,272,6,0,6,0,0,30,758,0,12,0,30,0,57.38
197,7848,800,4,0.1,0.09,0.05,0.5,0.25,2,1,300,299.625,0.9,800,719,39,11,30,1,41,11,30,41,5,0,5,737,0,21,11,0,0,8,0,22,758,0,11,0,30,0,61.404
198,7849,800,4,0.3,0.27,0.15,0.5,0.25,0.666666666666667,1,300,300,0.9,800,730,30,14,26,0,40,14,26,40,11,0,11,709,1,50,13,0,1,2,0,24,760,0,14,0,26,0,57.17
199,7850,800,4,1,0.9,0.5,0.5,0.25,0.2,1,300,299.625,0.9,800,727,38,10,24,1,34,10,24,34,11,0,11,631,1,133,7,0,3,0,0,24,765,0,10,0,24,0,58.67
200,7851,800,4,3,2.7,1.5,0.5,0.25,0.0666666666666667,1,300,299.625,0.9,800,726,32,7,34,1,41,7,34,41,20,0,20,456,10,292,4,0,3,0,0,34,758,0,7,0,34,0,57.602
201,7852,800,4,0.1,0.01,0.05,0.25,0.25,2,1,300,300,0.9,800,757,21,13,9,0,22,13,9,22,2,0,2,757,0,21,12,0,1,3,0,6,778,0,13,0,9,0,57.102
202,7853,800,4,0.3,0.03,0.15,0.25,0.25,0.666666666666667,1,300,300,0.9,800,746,26,10,18,0,28,10,18,28,4,0,4,733,0,39,10,0,0,1,0,17,772,0,10,0,18,0,55.329
203,7854,800,4,1,0.1,0.5,0.25,0.25,0.2,1,300,300,0.9,800,751,36,6,7,0,13,6,7,13,5,0,5,687,0,100,3,0,3,0,0,7,787,0,6,0,7,0,57.219
204,7855,800,4,3,0.3,1.5,0.25,0.25,0.0666666666666667,1,300,300,0.9,800,754,23,10,13,0,23,10,13,23,9,0,9,499,1,277,7,0,3,0,1,12,777,0,10,0,13,0,56.407
205,7856,800,4,0.1,0.09,0.05,0.25,0.25,2,1,300,300,0.9,800,729,44,15,12,0,27,15,12,27,0,0,0,764,0,9,15,0,0,4,0,8,773,0,15,0,12,0,63.459
206,7857,800,4,0.3,0.27,0.15,0.25,0.25,0.666666666666667,1,300,300,0.9,800,741,26,9,24,0,33,9,24,33,8,0,8,710,0,57,8,0,1,0,0,24,767,0,9,0,24,0,59.725
207,7858,800,4,1,0.9,0.5,0.25,0.25,0.2,1,300,300,0.9,800,718,41,22,19,0,41,22,19,41,11,2,9,611,1,147,12,0,10,0,0,19,759,0,21,1,19,0,53.971
208,7859,800,4,3,2.7,1.5,0.25,0.25,0.0666666666666667,1,300,300,0.9,800,739,33,13,15,0,28,13,15,28,13,2,11,468,0,304,5,0,8,0,0,15,772,0,13,0,15,0,57.018
209,7860,800,4,0.1,0.01,0.05,0.5,0.25,6,1,300,299.25,0.9,800,651,62,16,69,2,85,16,69,85,1,0,1,697,0,16,16,0,0,43,0,26,713,0,16,0,69,0,56.885
210,7861,800,4,0.3,0.03,0.15,0.5,0.25,2,1,300,298.125,0.9,800,651,52,22,70,5,92,22,70,92,6,0,6,661,0,42,21,0,1,22,0,48,703,0,22,0,70,0,58.192
211,7862,800,4,1,0.1,0.5,0.5,0.25,0.6,1,300,298.875,0.9,800,641,60,19,77,3,96,19,77,96,26,1,25,578,0,123,16,0,3,6,0,71,701,0,19,0,77,0,62.617
212,7863,800,4,3,0.3,1.5,0.5,0.25,0.2,1,300,298.875,0.9,800,634,57,23,83,3,106,23,83,106,42,3,39,398,2,291,13,0,10,2,0,81,691,0,23,0,83,0,57.283
213,7864,800,4,0.1,0.09,0.05,0.5,0.25,6,1,300,299.25,0.9,800,610,67,28,93,2,121,28,93,121,14,0,14,667,0,10,28,0,0,54,0,39,677,0,28,0,93,0,57.603
214,7865,800,4,0.3,0.27,0.15,0.5,0.25,2,1,300,298.5,0.9,800,608,72,38,78,4,116,38,78,116,13,0,13,633,1,46,37,0,1,24,1,53,680,0,38,0,77,1,58.731
215,7866,800,4,1,0.9,0.5,0.5,0.25,0.6,1,300,298.875,0.9,800,606,73,33,85,3,118,33,85,118,30,1,29,575,1,103,30,1,2,2,0,83,679,0,33,0,85,0,57.516
216,7867,800,4,3,2.7,1.5,0.5,0.25,0.2,1,300,297,0.9,800,581,82,41,88,8,129,41,88,129,60,6,54,404,0,259,19,0,22,0,7,81,663,0,41,0,88,0,57.261
217,7868,800,4,0.1,0.01,0.05,0.25,0.25,6,1,300,298.125,0.9,800,623,88,24,60,5,84,24,60,84,5,1,4,698,0,13,22,0,2,39,0,21,711,0,24,0,60,0,58.005
218,7869,800,4,0.3,0.03,0.15,0.25,0.25,2,1,300,299.625,0.9,800,660,72,25,42,1,67,25,42,67,10,0,10,692,0,40,25,0,0,13,0,29,732,0,25,0,42,0,58.085
219,7870,800,4,1,0.1,0.5,0.25,0.25,0.6,1,300,299.25,0.9,800,647,83,21,47,2,68,21,47,68,14,0,14,634,0,96,19,0,2,5,0,42,730,0,21,0,47,0,58.138
220,7871,800,4,3,0.3,1.5,0.25,0.25,0.2,1,300,299.25,0.9,800,643,76,31,48,2,79,31,48,79,25,4,21,424,1,294,19,0,12,0,1,47,719,0,31,0,48,0,55.428
221,7872,800,4,0.1,0.09,0.05,0.25,0.25,6,1,300,299.625,0.9,800,622,92,29,56,1,85,29,56,85,4,0,4,701,0,13,29,0,0,40,0,16,714,0,29,0,56,0,59.378
222,7873,800,4,0.3,0.27,0.15,0.25,0.25,2,1,300,299.25,0.9,800,614,96,30,58,2,88,30,58,88,14,0,14,673,0,37,29,0,1,12,0,46,710,0,30,0,58,0,57.772
223,7874,800,4,1,0.9,0.5,0.25,0.25,0.6,1,300,298.5,0.9,800,607,102,32,55,4,87,32,55,87,19,1,18,593,0,116,23,0,9,3,0,52,709,0,32,0,55,0,55.99
224,7875,800,4,3,2.7,1.5,0.25,0.25,0.2,1,300,298.125,0.9,800,609,95,30,61,5,91,30,61,91,39,4,35,394,6,304,16,0,14,1,0,60,704,0,30,0,61,0,60.12
225,7876,800,4,0.1,0.01,0.05,0.5,0.25,12,1,300,296.625,0.9,800,528,104,42,117,9,159,42,117,159,10,0,10,623,1,8,42,0,0,84,0,33,632,0,42,0,117,0,57.731
226,7877,800,4,0.3,0.03,0.15,0.5,0.25,4,1,300,298.125,0.9,800,551,82,38,124,5,162,38,124,162,16,0,16,604,0,29,37,0,1,61,1,62,633,0,38,0,124,0,58.787
227,7878,800,4,1,0.1,0.5,0.5,0.25,1.2,1,300,297.75,0.9,800,541,78,39,136,6,175,39,136,175,41,0,41,518,0,101,33,0,6,20,0,116,619,0,39,0,135,1,58.592
228,7879,800,4,3,0.3,1.5,0.5,0.25,0.4,1,300,297,0.9,800,535,88,31,138,8,169,31,138,169,62,2,60,371,1,251,16,0,15,5,1,132,623,0,31,0,138,0,57.435
229,7880,800,4,0.1,0.09,0.05,0.5,0.25,12,1,300,294.375,0.9,800,501,96,46,142,15,188,46,142,188,11,0,11,585,0,12,45,0,1,97,0,45,597,0,46,0,142,0,57.663
230,7881,800,4,0.3,0.27,0.15,0.5,0.25,4,1,300,297.375,0.9,800,488,93,61,151,7,212,61,151,212,36,3,33,539,1,41,54,0,7,68,0,83,581,0,60,1,151,0,56.824
231,7882,800,4,1,0.9,0.5,0.5,0.25,1.2,1,300,293.625,0.9,800,495,84,51,153,17,204,51,153,204,48,4,44,445,0,134,39,0,12,21,0,132,579,0,50,1,153,0,55.622
232,7883,800,4,3,2.7,1.5,0.5,0.25,0.4,1,300,298.875,0.9,800,504,100,52,141,3,193,52,141,193,71,5,66,344,0,260,28,0,24,2,4,135,604,0,52,0,140,1,58.157
233,7884,800,4,0.1,0.01,0.05,0.25,0.25,12,1,300,296.625,0.9,800,523,108,62,98,9,160,62,98,160,4,0,4,621,0,10,62,0,0,71,0,27,631,0,62,0,98,0,58.197
234,7885,800,4,0.3,0.03,0.15,0.25,0.25,4,1,300,297.75,0.9,800,544,117,37,96,6,133,37,96,133,15,0,15,619,0,42,36,0,1,39,0,57,661,0,37,0,96,0,56.977
235,7886,800,4,1,0.1,0.5,0.25,0.25,1.2,1,300,295.875,0.9,800,541,110,41,97,11,138,41,97,138,37,0,37,533,0,118,40,0,1,12,0,85,651,0,41,0,97,0,55.113
236,7887,800,4,3,0.3,1.5,0.25,0.25,0.4,1,300,296.25,0.9,800,572,95,49,74,10,123,49,74,123,39,1,38,431,2,234,28,0,21,1,0,73,667,0,49,0,74,0,58.054
237,7888,800,4,0.1,0.09,0.05,0.25,0.25,12,1,300,296.25,0.9,800,504,118,55,113,10,168,55,113,168,7,0,7,604,0,18,55,0,0,83,0,30,622,0,55,0,113,0,57.888
238,7889,800,4,0.3,0.27,0.15,0.25,0.25,4,1,300,297.375,0.9,800,514,125,48,106,7,154,48,106,154,18,1,17,606,1,32,45,0,3,32,0,74,639,0,48,0,106,0,56.633
239,7890,800,4,1,0.9,0.5,0.25,0.25,1.2,1,300,293.25,0.9,800,524,107,59,92,18,151,59,92,151,25,0,25,451,1,179,52,0,7,9,0,83,631,0,59,0,92,0,57.269
240,7891,800,4,3,2.7,1.5,0.25,0.25,0.4,1,300,295.875,0.9,800,525,115,43,106,11,149,43,106,149,58,3,55,351,0,289,30,0,13,1,0,105,640,0,42,1,106,0,59.231
241,7892,800,4,0.1,0.01,0.05,0.5,0.25,2,1,300,300,1,800,738,26,11,25,0,36,11,25,36,4,0,4,754,0,10,11,0,0,12,0,13,764,0,11,0,25,0,57.586
242,7893,800,4,0.3,0.03,0.15,0.5,0.25,0.666666666666667,1,300,300,1,800,742,21,10,27,0,37,10,27,37,9,0,9,725,0,38,10,0,0,0,0,27,763,0,10,0,27,0,59.217
243,7894,800,4,1,0.1,0.5,0.5,0.25,0.2,1,300,299.625,1,800,731,28,13,27,1,40,13,27,40,9,0,9,618,3,138,13,0,0,0,0,27,759,0,13,0,27,0,54.952
244,7895,800,4,3,0.3,1.5,0.5,0.25,0.0666666666666667,1,300,300,1,800,737,25,15,23,0,38,15,23,38,19,5,14,431,4,327,7,0,8,0,0,23,762,0,15,0,23,0,56.659
245,7896,800,4,0.1,0.09,0.05,0.5,0.25,2,1,300,300,1,800,731,33,11,25,0,36,11,25,36,3,0,3,743,0,21,11,0,0,12,0,13,764,0,11,0,25,0,56.8
246,7897,800,4,0.3,0.27,0.15,0.5,0.25,0.666666666666667,1,300,300,1,800,721,41,9,29,0,38,9,29,38,10,0,10,709,0,53,9,0,0,2,0,27,762,0,9,0,29,0,55.404
247,7898,800,4,1,0.9,0.5,0.5,0.25,0.2,1,300,299.25,1,800,715,40,7,36,2,43,7,36,43,21,0,21,598,0,157,5,0,2,0,0,36,755,0,7,0,36,0,58.232
248,7899,800,4,3,2.7,1.5,0.5,0.25,0.0666666666666667,1,300,300,1,800,728,31,13,28,0,41,13,28,41,23,1,22,413,1,345,6,0,7,0,0,28,759,0,13,0,28,0,62.955
249,7900,800,4,0.1,0.01,0.05,0.25,0.25,2,1,300,300,1,800,731,42,13,14,0,27,13,14,27,2,0,2,760,0,13,13,0,0,4,0,10,773,0,13,0,14,0,57.651
250,7901,800,4,0.3,0.03,0.15,0.25,0.25,0.666666666666667,1,300,300,1,800,749,29,9,13,0,22,9,13,22,3,0,3,749,0,29,9,0,0,1,0,12,778,0,9,0,13,0,57.255
251,7902,800,4,1,0.1,0.5,0.25,0.25,0.2,1,300,300,1,800,742,32,14,12,0,26,14,12,26,4,0,4,618,0,156,10,0,4,0,0,12,774,0,14,0,12,0,56.287
252,7903,800,4,3,0.3,1.5,0.25,0.25,0.0666666666666667,1,300,300,1,800,745,34,10,11,0,21,10,11,21,7,1,6,494,0,285,3,0,7,0,0,11,779,0,10,0,11,0,58.657
253,7904,800,4,0.1,0.09,0.05,0.25,0.25,2,1,300,300,1,800,717,44,17,22,0,39,17,22,39,1,0,1,745,0,16,17,0,0,10,0,12,761,0,17,0,22,0,54.325
254,7905,800,4,0.3,0.27,0.15,0.25,0.25,0.666666666666667,1,300,300,1,800,738,41,6,15,0,21,6,15,21,3,0,3,738,0,41,6,0,0,0,0,15,779,0,6,0,15,0,55.674
255,7906,800,4,1,0.9,0.5,0.25,0.25,0.2,1,300,300,1,800,733,38,14,15,0,29,14,15,29,4,0,4,604,3,164,10,0,4,0,0,15,771,0,14,0,15,0,54.847
256,7907,800,4,3,2.7,1.5,0.25,0.25,0.0666666666666667,1,300,300,1,800,739,42,13,6,0,19,13,6,19,5,0,5,445,4,332,9,0,4,0,2,4,781,0,13,0,6,0,57.093
257,7908,800,4,0.1,0.01,0.05,0.5,0.25,6,1,300,298.875,1,800,652,67,22,56,3,78,22,56,78,4,0,4,706,0,13,22,0,0,33,1,22,719,0,22,0,56,0,47.704
258,7909,800,4,0.3,0.03,0.15,0.5,0.25,2,1,300,299.625,1,800,647,72,18,62,1,80,18,62,80,7,1,6,679,0,40,17,0,1,21,0,41,719,0,18,0,62,0,47.669
259,7910,800,4,1,0.1,0.5,0.5,0.25,0.6,1,300,300,1,800,640,65,24,71,0,95,24,71,95,27,0,27,587,0,118,20,0,4,4,0,67,705,0,24,0,71,0,46.566
260,7911,800,4,3,0.3,1.5,0.5,0.25,0.2,1,300,299.25,1,800,636,60,21,81,2,102,21,81,102,46,3,43,413,0,283,10,0,11,1,0,80,696,0,21,0,81,0,48.684
261,7912,800,4,0.1,0.09,0.05,0.5,0.25,6,1,300,298.5,1,800,587,95,31,83,4,114,31,83,114,5,0,5,665,0,17,31,0,0,54,0,29,682,0,31,0,83,0,47.273
262,7913,800,4,0.3,0.27,0.15,0.5,0.25,2,1,300,299.625,1,800,600,73,37,89,1,126,37,89,126,27,0,27,626,0,47,35,0,2,26,0,63,673,0,37,0,89,0,46.378
263,7914,800,4,1,0.9,0.5,0.5,0.25,0.6,1,300,297.375,1,800,598,85,28,82,7,110,28,82,110,36,1,35,568,0,115,23,0,5,1,0,81,683,0,28,0,82,0,47.661
264,7915,800,4,3,2.7,1.5,0.5,0.25,0.2,1,300,298.875,1,800,609,78,34,76,3,110,34,76,110,43,2,41,372,1,314,20,0,14,0,1,75,687,0,34,0,76,0,45.582
265,7916,800,4,0.1,0.01,0.05,0.25,0.25,6,1,300,299.625,1,800,640,79,34,46,1,80,34,46,80,5,0,5,698,0,21,33,0,1,29,0,17,719,0,34,0,46,0,46.951
266,7917,800,4,0.3,0.03,0.15,0.25,0.25,2,1,300,298.875,1,800,633,78,36,50,3,86,36,50,86,5,0,5,668,1,42,35,0,1,17,0,33,711,0,36,0,50,0,44.042
267,7918,800,4,1,0.1,0.5,0.25,0.25,0.6,1,300,299.25,1,800,651,78,22,47,2,69,22,47,69,15,0,15,613,0,116,17,0,5,5,0,42,729,0,22,0,47,0,44.832
268,7919,800,4,3,0.3,1.5,0.25,0.25,0.2,1,300,299.25,1,800,649,67,25,57,2,82,25,57,82,29,3,26,448,0,268,15,0,10,0,2,55,716,0,25,0,57,0,45.251
269,7920,800,4,0.1,0.09,0.05,0.25,0.25,6,1,300,297.75,1,800,630,84,27,53,6,80,27,53,80,5,0,5,702,0,12,27,0,0,32,0,21,714,0,27,0,53,0,45.322
270,7921,800,4,0.3,0.27,0.15,0.25,0.25,2,1,300,298.5,1,800,623,85,29,59,4,88,29,59,88,14,0,14,668,0,40,28,0,1,16,0,43,708,0,29,0,59,0,46.369
271,7922,800,4,1,0.9,0.5,0.25,0.25,0.6,1,300,298.875,1,800,593,110,37,57,3,94,37,57,94,27,1,26,582,2,119,27,0,10,1,0,56,703,0,37,0,57,0,44.601
272,7923,800,4,3,2.7,1.5,0.25,0.25,0.2,1,300,298.5,1,800,615,92,30,59,4,89,30,59,89,24,1,23,436,1,270,15,0,15,0,0,59,707,0,30,0,59,0,47.102
273,7924,800,4,0.1,0.01,0.05,0.5,0.25,12,1,300,296.625,1,800,536,83,41,131,9,172,41,131,172,3,0,3,609,0,10,41,0,0,96,0,35,619,0,41,0,131,0,44.757
274,7925,800,4,0.3,0.03,0.15,0.5,0.25,4,1,300,296.625,1,800,538,99,35,119,9,154,35,119,154,12,0,12,609,0,28,33,0,2,54,0,65,637,0,35,0,119,0,45.622
275,7926,800,4,1,0.1,0.5,0.5,0.25,1.2,1,300,297.375,1,800,528,85,38,142,7,180,38,142,180,46,0,46,511,0,102,26,0,12,8,1,133,613,0,38,0,142,0,47.035
276,7927,800,4,3,0.3,1.5,0.5,0.25,0.4,1,300,297.375,1,800,549,93,36,115,7,151,36,115,151,60,2,58,396,0,246,23,0,13,3,0,112,642,0,36,0,115,0,48.721
277,7928,800,4,0.1,0.09,0.05,0.5,0.25,12,1,300,297,1,800,497,104,49,142,8,191,49,142,191,7,0,7,585,0,16,49,0,0,99,0,43,601,0,49,0,142,0,46.053
278,7929,800,4,0.3,0.27,0.15,0.5,0.25,4,1,300,296.25,1,800,490,103,53,144,10,197,53,144,197,23,0,23,547,1,45,51,0,2,58,1,85,593,0,53,0,144,0,45.528
279,7930,800,4,1,0.9,0.5,0.5,0.25,1.2,1,300,298.125,1,800,497,94,51,153,5,204,51,153,204,52,1,51,454,0,137,41,0,10,20,0,133,591,0,51,0,153,0,47.634
280,7931,800,4,3,2.7,1.5,0.5,0.25,0.4,1,300,296.625,1,800,484,110,63,134,9,197,63,134,197,73,4,69,360,0,234,36,0,27,2,0,132,594,0,63,0,134,0,46.133
281,7932,800,4,0.1,0.01,0.05,0.25,0.25,12,1,300,297.375,1,800,578,95,33,87,7,120,33,87,120,4,0,4,662,0,11,33,0,0,60,0,27,673,0,33,0,87,0,48.007
282,7933,800,4,0.3,0.03,0.15,0.25,0.25,4,1,300,297,1,800,564,91,52,85,8,137,52,85,137,7,0,7,627,0,28,51,0,1,44,0,41,655,0,52,0,85,0,46.949
283,7934,800,4,1,0.1,0.5,0.25,0.25,1.2,1,300,298.5,1,800,537,103,50,106,4,156,50,106,156,26,0,26,531,1,108,39,0,11,12,1,93,640,0,50,0,106,0,45.562
284,7935,800,4,3,0.3,1.5,0.25,0.25,0.4,1,300,296.25,1,800,512,124,53,101,10,154,53,101,154,44,2,42,464,0,172,37,0,16,2,1,98,636,0,53,0,101,0,46.891
285,7936,800,4,0.1,0.09,0.05,0.25,0.25,12,1,300,294,1,800,534,101,46,103,16,149,46,103,149,3,0,3,618,0,17,45,0,1,76,0,27,635,0,46,0,103,0,43.352
286,7937,800,4,0.3,0.27,0.15,0.25,0.25,4,1,300,295.875,1,800,522,126,53,88,11,141,53,88,141,20,0,20,590,0,58,51,0,2,36,0,52,648,0,53,0,88,0,46.446
287,7938,800,4,1,0.9,0.5,0.25,0.25,1.2,1,300,296.25,1,800,510,115,46,119,10,165,46,119,165,30,1,29,519,1,105,40,0,6,13,1,105,625,0,46,0,119,0,45.535
288,7939,800,4,3,2.7,1.5,0.25,0.25,0.4,1,300,294.75,1,800,507,122,34,123,14,157,34,123,157,61,3,58,383,0,246,19,0,15,1,2,120,629,0,34,0,123,0,44.455
